最好的一次組合是第443次 0.0005	30	64	1024	1024	0.3	0.95	0	0.99	1228795.066
alpha,n_epochs,batch_size,layer1_size,layer2_size,policy_clip,gamma,entropy,gae_lambda,final_reward
0.0001,10,64,256,256,0.1,0.95,0.0,0.95,1020343.40986714
0.0001,10,64,256,256,0.1,0.95,0.0,0.99,970141.8112122396
0.0001,10,64,256,256,0.1,0.95,0.01,0.95,1035199.7061939094
0.0001,10,64,256,256,0.1,0.95,0.01,0.99,1081390.4161854598
0.0001,10,64,256,256,0.1,0.995,0.0,0.95,1129833.5827895808
0.0001,10,64,256,256,0.1,0.995,0.0,0.99,1017746.19958176
0.0001,10,64,256,256,0.1,0.995,0.01,0.95,1008173.2701907798
0.0001,10,64,256,256,0.1,0.995,0.01,0.99,1060688.834481099
0.0001,10,64,256,256,0.3,0.95,0.0,0.95,1137827.6850755
0.0001,10,64,256,256,0.3,0.95,0.0,0.99,1032336.6934078999
0.0001,10,64,256,256,0.3,0.95,0.01,0.95,1124560.4558338318
0.0001,10,64,256,256,0.3,0.95,0.01,0.99,1095159.6274599296
0.0001,10,64,256,256,0.3,0.995,0.0,0.95,1077571.04164901
0.0001,10,64,256,256,0.3,0.995,0.0,0.99,1113629.60872586
0.0001,10,64,256,256,0.3,0.995,0.01,0.95,1074536.7825636999
0.0001,10,64,256,256,0.3,0.995,0.01,0.99,1077822.6869683403
0.0001,10,64,256,1024,0.1,0.95,0.0,0.95,1092469.6743993706
0.0001,10,64,256,1024,0.1,0.95,0.0,0.99,1059439.2331609
0.0001,10,64,256,1024,0.1,0.95,0.01,0.95,1094774.3178284792
0.0001,10,64,256,1024,0.1,0.95,0.01,0.99,986542.4487098614
0.0001,10,64,256,1024,0.1,0.995,0.0,0.95,1055638.2719743801
0.0001,10,64,256,1024,0.1,0.995,0.0,0.99,1040742.60708824
0.0001,10,64,256,1024,0.1,0.995,0.01,0.95,1095105.5767628704
0.0001,10,64,256,1024,0.1,0.995,0.01,0.99,1103604.7863673796
0.0001,10,64,256,1024,0.3,0.95,0.0,0.95,1086421.9048631503
0.0001,10,64,256,1024,0.3,0.95,0.0,0.99,1065819.53556381
0.0001,10,64,256,1024,0.3,0.95,0.01,0.95,1158132.2632335592
0.0001,10,64,256,1024,0.3,0.95,0.01,0.99,1056428.0148030105
0.0001,10,64,256,1024,0.3,0.995,0.0,0.95,1082867.2959284298
0.0001,10,64,256,1024,0.3,0.995,0.0,0.99,1084848.7310389401
0.0001,10,64,256,1024,0.3,0.995,0.01,0.95,1145757.374090801
0.0001,10,64,256,1024,0.3,0.995,0.01,0.99,1052502.673946362
0.0001,10,64,1024,256,0.1,0.95,0.0,0.95,1085220.4120682608
0.0001,10,64,1024,256,0.1,0.95,0.0,0.99,1042858.52167222
0.0001,10,64,1024,256,0.1,0.95,0.01,0.95,1074973.5732684012
0.0001,10,64,1024,256,0.1,0.95,0.01,0.99,1137935.0486825001
0.0001,10,64,1024,256,0.1,0.995,0.0,0.95,1105057.2823398495
0.0001,10,64,1024,256,0.1,0.995,0.0,0.99,1081616.0396343204
0.0001,10,64,1024,256,0.1,0.995,0.01,0.95,1127502.2921917175
0.0001,10,64,1024,256,0.1,0.995,0.01,0.99,1072621.76545471
0.0001,10,64,1024,256,0.3,0.95,0.0,0.95,1036766.4805252708
0.0001,10,64,1024,256,0.3,0.95,0.0,0.99,1031494.328586149
0.0001,10,64,1024,256,0.3,0.95,0.01,0.95,1134795.3763663
0.0001,10,64,1024,256,0.3,0.95,0.01,0.99,1004185.91423222
0.0001,10,64,1024,256,0.3,0.995,0.0,0.95,1062166.1960495003
0.0001,10,64,1024,256,0.3,0.995,0.0,0.99,1112835.5585685493
0.0001,10,64,1024,256,0.3,0.995,0.01,0.95,1075784.949899809
0.0001,10,64,1024,256,0.3,0.995,0.01,0.99,1090738.173826811
0.0001,10,64,1024,1024,0.1,0.95,0.0,0.95,1067348.15586469
0.0001,10,64,1024,1024,0.1,0.95,0.0,0.99,1125812.752725211
0.0001,10,64,1024,1024,0.1,0.95,0.01,0.95,962325.5493801794
0.0001,10,64,1024,1024,0.1,0.95,0.01,0.99,983648.7970836895
0.0001,10,64,1024,1024,0.1,0.995,0.0,0.95,1054413.99628031
0.0001,10,64,1024,1024,0.1,0.995,0.0,0.99,1038909.4457109902
0.0001,10,64,1024,1024,0.1,0.995,0.01,0.95,1083322.2954763393
0.0001,10,64,1024,1024,0.1,0.995,0.01,0.99,1151556.1656793403
0.0001,10,64,1024,1024,0.3,0.95,0.0,0.95,1144883.9190011497
0.0001,10,64,1024,1024,0.3,0.95,0.0,0.99,1040800.3606998008
0.0001,10,64,1024,1024,0.3,0.95,0.01,0.95,1035559.2193373303
0.0001,10,64,1024,1024,0.3,0.95,0.01,0.99,912982.6492178382
0.0001,10,64,1024,1024,0.3,0.995,0.0,0.95,1059745.8843588803
0.0001,10,64,1024,1024,0.3,0.995,0.0,0.99,1073891.3702915506
0.0001,10,64,1024,1024,0.3,0.995,0.01,0.95,1047188.2953525812
0.0001,10,64,1024,1024,0.3,0.995,0.01,0.99,1065237.1027304903
0.0001,10,256,256,256,0.1,0.95,0.0,0.95,1087258.9688658705
0.0001,10,256,256,256,0.1,0.95,0.0,0.99,1088474.2532814294
0.0001,10,256,256,256,0.1,0.95,0.01,0.95,1053764.4856372203
0.0001,10,256,256,256,0.1,0.95,0.01,0.99,976689.72067394
0.0001,10,256,256,256,0.1,0.995,0.0,0.95,1074341.2346299696
0.0001,10,256,256,256,0.1,0.995,0.0,0.99,1103030.3455846994
0.0001,10,256,256,256,0.1,0.995,0.01,0.95,1020338.2834882895
0.0001,10,256,256,256,0.1,0.995,0.01,0.99,1078077.8008538107
0.0001,10,256,256,256,0.3,0.95,0.0,0.95,1052421.2030726902
0.0001,10,256,256,256,0.3,0.95,0.0,0.99,1052610.7625534006
0.0001,10,256,256,256,0.3,0.95,0.01,0.95,1146570.2506607804
0.0001,10,256,256,256,0.3,0.95,0.01,0.99,1144281.6030858902
0.0001,10,256,256,256,0.3,0.995,0.0,0.95,1048141.8739481603
0.0001,10,256,256,256,0.3,0.995,0.0,0.99,1090915.3567863402
0.0001,10,256,256,256,0.3,0.995,0.01,0.95,1064951.37236585
0.0001,10,256,256,256,0.3,0.995,0.01,0.99,1049699.4955678394
0.0001,10,256,256,1024,0.1,0.95,0.0,0.95,1091253.9334695195
0.0001,10,256,256,1024,0.1,0.95,0.0,0.99,1081684.7635434903
0.0001,10,256,256,1024,0.1,0.95,0.01,0.95,1161548.0891982396
0.0001,10,256,256,1024,0.1,0.95,0.01,0.99,1078453.9452956691
0.0001,10,256,256,1024,0.1,0.995,0.0,0.95,1071282.0839381998
0.0001,10,256,256,1024,0.1,0.995,0.0,0.99,1046688.7516534098
0.0001,10,256,256,1024,0.1,0.995,0.01,0.95,1053357.865620612
0.0001,10,256,256,1024,0.1,0.995,0.01,0.99,1081957.1836873393
0.0001,10,256,256,1024,0.3,0.95,0.0,0.95,1073213.71070456
0.0001,10,256,256,1024,0.3,0.95,0.0,0.99,1108133.9139298708
0.0001,10,256,256,1024,0.3,0.95,0.01,0.95,1102846.348067541
0.0001,10,256,256,1024,0.3,0.95,0.01,0.99,1082200.1941326284
0.0001,10,256,256,1024,0.3,0.995,0.0,0.95,1132991.8112697606
0.0001,10,256,256,1024,0.3,0.995,0.0,0.99,1074675.7639979296
0.0001,10,256,256,1024,0.3,0.995,0.01,0.95,1020278.57962442
0.0001,10,256,256,1024,0.3,0.995,0.01,0.99,1100016.5218146795
0.0001,10,256,1024,256,0.1,0.95,0.0,0.95,1052192.0466761393
0.0001,10,256,1024,256,0.1,0.95,0.0,0.99,1015708.3526699602
0.0001,10,256,1024,256,0.1,0.95,0.01,0.95,1059967.230248569
0.0001,10,256,1024,256,0.1,0.95,0.01,0.99,1118370.4249230796
0.0001,10,256,1024,256,0.1,0.995,0.0,0.95,1071477.4316925302
0.0001,10,256,1024,256,0.1,0.995,0.0,0.99,1125669.04343045
0.0001,10,256,1024,256,0.1,0.995,0.01,0.95,1021378.9678755815
0.0001,10,256,1024,256,0.1,0.995,0.01,0.99,1102805.0728751402
0.0001,10,256,1024,256,0.3,0.95,0.0,0.95,1080325.7947587008
0.0001,10,256,1024,256,0.3,0.95,0.0,0.99,1095423.1042317008
0.0001,10,256,1024,256,0.3,0.95,0.01,0.95,1086472.3111813902
0.0001,10,256,1024,256,0.3,0.95,0.01,0.99,1082185.269714059
0.0001,10,256,1024,256,0.3,0.995,0.0,0.95,1078780.7964644902
0.0001,10,256,1024,256,0.3,0.995,0.0,0.99,1068175.0049246694
0.0001,10,256,1024,256,0.3,0.995,0.01,0.95,1015419.4809347305
0.0001,10,256,1024,256,0.3,0.995,0.01,0.99,1150943.08456484
0.0001,10,256,1024,1024,0.1,0.95,0.0,0.95,1066996.3429832202
0.0001,10,256,1024,1024,0.1,0.95,0.0,0.99,1036829.0712744102
0.0001,10,256,1024,1024,0.1,0.95,0.01,0.95,1121620.1400465611
0.0001,10,256,1024,1024,0.1,0.95,0.01,0.99,957843.2532056612
0.0001,10,256,1024,1024,0.1,0.995,0.0,0.95,1165681.4214637703
0.0001,10,256,1024,1024,0.1,0.995,0.0,0.99,1105489.8050870697
0.0001,10,256,1024,1024,0.1,0.995,0.01,0.95,1126340.3038960502
0.0001,10,256,1024,1024,0.1,0.995,0.01,0.99,1057894.1506878603
0.0001,10,256,1024,1024,0.3,0.95,0.0,0.95,1031763.4765478112
0.0001,10,256,1024,1024,0.3,0.95,0.0,0.99,1069421.5223016297
0.0001,10,256,1024,1024,0.3,0.95,0.01,0.95,1043474.8115335192
0.0001,10,256,1024,1024,0.3,0.95,0.01,0.99,1069334.4224789597
0.0001,10,256,1024,1024,0.3,0.995,0.0,0.95,1023680.8177814307
0.0001,10,256,1024,1024,0.3,0.995,0.0,0.99,1041354.9076757206
0.0001,10,256,1024,1024,0.3,0.995,0.01,0.95,1086284.7452716487
0.0001,10,256,1024,1024,0.3,0.995,0.01,0.99,1144712.4174741306
0.0001,30,64,256,256,0.1,0.95,0.0,0.95,1147246.3351189003
0.0001,30,64,256,256,0.1,0.95,0.0,0.99,1026869.0116120098
0.0001,30,64,256,256,0.1,0.95,0.01,0.95,1094283.0373336393
0.0001,30,64,256,256,0.1,0.95,0.01,0.99,1015508.9125891092
0.0001,30,64,256,256,0.1,0.995,0.0,0.95,1059414.8769805203
0.0001,30,64,256,256,0.1,0.995,0.0,0.99,1059792.31731301
0.0001,30,64,256,256,0.1,0.995,0.01,0.95,1026880.1520869599
0.0001,30,64,256,256,0.1,0.995,0.01,0.99,1058279.6865993908
0.0001,30,64,256,256,0.3,0.95,0.0,0.95,1113459.6540142496
0.0001,30,64,256,256,0.3,0.95,0.0,0.99,1038086.1188528199
0.0001,30,64,256,256,0.3,0.95,0.01,0.95,1070306.0763767594
0.0001,30,64,256,256,0.3,0.95,0.01,0.99,1165529.540174001
0.0001,30,64,256,256,0.3,0.995,0.0,0.95,1083554.1933000705
0.0001,30,64,256,256,0.3,0.995,0.0,0.99,1025265.5386240296
0.0001,30,64,256,256,0.3,0.995,0.01,0.95,997879.2204423698
0.0001,30,64,256,256,0.3,0.995,0.01,0.99,1194706.1692463611
0.0001,30,64,256,1024,0.1,0.95,0.0,0.95,1064763.7556751198
0.0001,30,64,256,1024,0.1,0.95,0.0,0.99,1074868.14115475
0.0001,30,64,256,1024,0.1,0.95,0.01,0.95,1052942.3098583403
0.0001,30,64,256,1024,0.1,0.95,0.01,0.99,1101688.7811375698
0.0001,30,64,256,1024,0.1,0.995,0.0,0.95,1052719.9518538602
0.0001,30,64,256,1024,0.1,0.995,0.0,0.99,1096309.3446383688
0.0001,30,64,256,1024,0.1,0.995,0.01,0.95,1123525.3372919883
0.0001,30,64,256,1024,0.1,0.995,0.01,0.99,936273.1069560698
0.0001,30,64,256,1024,0.3,0.95,0.0,0.95,1048044.1559101802
0.0001,30,64,256,1024,0.3,0.95,0.0,0.99,1054674.6790812998
0.0001,30,64,256,1024,0.3,0.95,0.01,0.95,1049713.3377484712
0.0001,30,64,256,1024,0.3,0.95,0.01,0.99,1147776.7785065696
0.0001,30,64,256,1024,0.3,0.995,0.0,0.95,1093874.0100829192
0.0001,30,64,256,1024,0.3,0.995,0.0,0.99,1112992.9502977794
0.0001,30,64,256,1024,0.3,0.995,0.01,0.95,963999.5032783097
0.0001,30,64,256,1024,0.3,0.995,0.01,0.99,1192786.930538618
0.0001,30,64,1024,256,0.1,0.95,0.0,0.95,1095845.5620228597
0.0001,30,64,1024,256,0.1,0.95,0.0,0.99,1065681.2019551585
0.0001,30,64,1024,256,0.1,0.95,0.01,0.95,1118633.5714693798
0.0001,30,64,1024,256,0.1,0.95,0.01,0.99,1031526.7628610985
0.0001,30,64,1024,256,0.1,0.995,0.0,0.95,1107619.5397735
0.0001,30,64,1024,256,0.1,0.995,0.0,0.99,1087973.2935772198
0.0001,30,64,1024,256,0.1,0.995,0.01,0.95,1021155.2551063094
0.0001,30,64,1024,256,0.1,0.995,0.01,0.99,1018688.8284421283
0.0001,30,64,1024,256,0.3,0.95,0.0,0.95,1074997.4899811505
0.0001,30,64,1024,256,0.3,0.95,0.0,0.99,1067839.744117339
0.0001,30,64,1024,256,0.3,0.95,0.01,0.95,1161702.6279680706
0.0001,30,64,1024,256,0.3,0.95,0.01,0.99,1008509.4536527409
0.0001,30,64,1024,256,0.3,0.995,0.0,0.95,1041736.4769432397
0.0001,30,64,1024,256,0.3,0.995,0.0,0.99,1062766.7044635508
0.0001,30,64,1024,256,0.3,0.995,0.01,0.95,1125839.16541889
0.0001,30,64,1024,256,0.3,0.995,0.01,0.99,1095659.7485595087
0.0001,30,64,1024,1024,0.1,0.95,0.0,0.95,1066273.8947173208
0.0001,30,64,1024,1024,0.1,0.95,0.0,0.99,1085032.0854230104
0.0001,30,64,1024,1024,0.1,0.95,0.01,0.95,1030483.6280219001
0.0001,30,64,1024,1024,0.1,0.95,0.01,0.99,1032821.6355822403
0.0001,30,64,1024,1024,0.1,0.995,0.0,0.95,1065703.9557870703
0.0001,30,64,1024,1024,0.1,0.995,0.0,0.99,1100670.35377775
0.0001,30,64,1024,1024,0.1,0.995,0.01,0.95,1013847.9795978899
0.0001,30,64,1024,1024,0.1,0.995,0.01,0.99,970896.9511173601
0.0001,30,64,1024,1024,0.3,0.95,0.0,0.95,1095571.59166052
0.0001,30,64,1024,1024,0.3,0.95,0.0,0.99,1007688.9345577402
0.0001,30,64,1024,1024,0.3,0.95,0.01,0.95,974158.0075193503
0.0001,30,64,1024,1024,0.3,0.95,0.01,0.99,948658.16238645
0.0001,30,64,1024,1024,0.3,0.995,0.0,0.95,1090440.7549109699
0.0001,30,64,1024,1024,0.3,0.995,0.0,0.99,1069826.8213915601
0.0001,30,64,1024,1024,0.3,0.995,0.01,0.95,1060575.850678581
0.0001,30,64,1024,1024,0.3,0.995,0.01,0.99,1019066.7877312716
0.0001,30,256,256,256,0.1,0.95,0.0,0.95,1099427.2251758901
0.0001,30,256,256,256,0.1,0.95,0.0,0.99,1099094.1944480694
0.0001,30,256,256,256,0.1,0.95,0.01,0.95,1152165.163323719
0.0001,30,256,256,256,0.1,0.95,0.01,0.99,1057014.819045001
0.0001,30,256,256,256,0.1,0.995,0.0,0.95,1051483.3244072595
0.0001,30,256,256,256,0.1,0.995,0.0,0.99,1041197.3739746104
0.0001,30,256,256,256,0.1,0.995,0.01,0.95,1108894.4863263802
0.0001,30,256,256,256,0.1,0.995,0.01,0.99,1144068.0942607997
0.0001,30,256,256,256,0.3,0.95,0.0,0.95,1071910.3451642804
0.0001,30,256,256,256,0.3,0.95,0.0,0.99,1076298.76311205
0.0001,30,256,256,256,0.3,0.95,0.01,0.95,1068710.7351340102
0.0001,30,256,256,256,0.3,0.95,0.01,0.99,1011388.9583332699
0.0001,30,256,256,256,0.3,0.995,0.0,0.95,985227.2191315191
0.0001,30,256,256,256,0.3,0.995,0.0,0.99,1050557.1827146302
0.0001,30,256,256,256,0.3,0.995,0.01,0.95,1111780.100781171
0.0001,30,256,256,256,0.3,0.995,0.01,0.99,972690.792166879
0.0001,30,256,256,1024,0.1,0.95,0.0,0.95,977944.0715049399
0.0001,30,256,256,1024,0.1,0.95,0.0,0.99,1018576.3816468
0.0001,30,256,256,1024,0.1,0.95,0.01,0.95,1051554.5691521312
0.0001,30,256,256,1024,0.1,0.95,0.01,0.99,1009325.8173397384
0.0001,30,256,256,1024,0.1,0.995,0.0,0.95,1113589.3208706605
0.0001,30,256,256,1024,0.1,0.995,0.0,0.99,1021761.1532035806
0.0001,30,256,256,1024,0.1,0.995,0.01,0.95,1110370.7856242699
0.0001,30,256,256,1024,0.1,0.995,0.01,0.99,1082371.6645449996
0.0001,30,256,256,1024,0.3,0.95,0.0,0.95,1074073.3614760202
0.0001,30,256,256,1024,0.3,0.95,0.0,0.99,1098257.4923370392
0.0001,30,256,256,1024,0.3,0.95,0.01,0.95,950840.6651883391
0.0001,30,256,256,1024,0.3,0.95,0.01,0.99,1114436.5406787198
0.0001,30,256,256,1024,0.3,0.995,0.0,0.95,1023308.0079523013
0.0001,30,256,256,1024,0.3,0.995,0.0,0.99,1060655.3939188498
0.0001,30,256,256,1024,0.3,0.995,0.01,0.95,1042388.6943738194
0.0001,30,256,256,1024,0.3,0.995,0.01,0.99,1095655.9113566077
0.0001,30,256,1024,256,0.1,0.95,0.0,0.95,1026467.1933912303
0.0001,30,256,1024,256,0.1,0.95,0.0,0.99,1046595.3728843797
0.0001,30,256,1024,256,0.1,0.95,0.01,0.95,1078477.5859826496
0.0001,30,256,1024,256,0.1,0.95,0.01,0.99,990413.5596303483
0.0001,30,256,1024,256,0.1,0.995,0.0,0.95,1046848.5573856
0.0001,30,256,1024,256,0.1,0.995,0.0,0.99,1112140.7287649298
0.0001,30,256,1024,256,0.1,0.995,0.01,0.95,1112680.05516098
0.0001,30,256,1024,256,0.1,0.995,0.01,0.99,1148698.5295672712
0.0001,30,256,1024,256,0.3,0.95,0.0,0.95,1051910.0730690504
0.0001,30,256,1024,256,0.3,0.95,0.0,0.99,1041007.8300874601
0.0001,30,256,1024,256,0.3,0.95,0.01,0.95,1056707.4941020294
0.0001,30,256,1024,256,0.3,0.95,0.01,0.99,1060576.5018014181
0.0001,30,256,1024,256,0.3,0.995,0.0,0.95,1079625.2213681503
0.0001,30,256,1024,256,0.3,0.995,0.0,0.99,1052301.2446665904
0.0001,30,256,1024,256,0.3,0.995,0.01,0.95,1135072.2515067193
0.0001,30,256,1024,256,0.3,0.995,0.01,0.99,1010887.3290990805
0.0001,30,256,1024,1024,0.1,0.95,0.0,0.95,1102571.6960836097
0.0001,30,256,1024,1024,0.1,0.95,0.0,0.99,1037111.9047261805
0.0001,30,256,1024,1024,0.1,0.95,0.01,0.95,1015119.5466333996
0.0001,30,256,1024,1024,0.1,0.95,0.01,0.99,1041118.9636840906
0.0001,30,256,1024,1024,0.1,0.995,0.0,0.95,1045905.6345855808
0.0001,30,256,1024,1024,0.1,0.995,0.0,0.99,1075082.95575955
0.0001,30,256,1024,1024,0.1,0.995,0.01,0.95,1113282.7429153882
0.0001,30,256,1024,1024,0.1,0.995,0.01,0.99,1065687.0956570804
0.0001,30,256,1024,1024,0.3,0.95,0.0,0.95,1050987.92370572
0.0001,30,256,1024,1024,0.3,0.95,0.0,0.99,1092403.1894261902
0.0001,30,256,1024,1024,0.3,0.95,0.01,0.95,1004462.8397319706
0.0001,30,256,1024,1024,0.3,0.95,0.01,0.99,1018913.7484216011
0.0001,30,256,1024,1024,0.3,0.995,0.0,0.95,1090029.31803596
0.0001,30,256,1024,1024,0.3,0.995,0.0,0.99,1086253.7000713304
0.0001,30,256,1024,1024,0.3,0.995,0.01,0.95,1147654.2704777892
0.0001,30,256,1024,1024,0.3,0.995,0.01,0.99,1045762.9825058007
0.0005,10,64,256,256,0.1,0.95,0.0,0.95,1130276.8221011905
0.0005,10,64,256,256,0.1,0.95,0.0,0.99,1078667.7062086198
0.0005,10,64,256,256,0.1,0.95,0.01,0.95,1099742.8500609305
0.0005,10,64,256,256,0.1,0.95,0.01,0.99,1051386.4532628101
0.0005,10,64,256,256,0.1,0.995,0.0,0.95,1098015.3545384398
0.0005,10,64,256,256,0.1,0.995,0.0,0.99,1047943.8666394396
0.0005,10,64,256,256,0.1,0.995,0.01,0.95,1045208.206125739
0.0005,10,64,256,256,0.1,0.995,0.01,0.99,986078.7933096911
0.0005,10,64,256,256,0.3,0.95,0.0,0.95,1047906.8262602594
0.0005,10,64,256,256,0.3,0.95,0.0,0.99,1041625.2760048697
0.0005,10,64,256,256,0.3,0.95,0.01,0.95,1065214.5269815293
0.0005,10,64,256,256,0.3,0.95,0.01,0.99,1161106.9672420507
0.0005,10,64,256,256,0.3,0.995,0.0,0.95,1095098.5826658695
0.0005,10,64,256,256,0.3,0.995,0.0,0.99,1051998.5756476505
0.0005,10,64,256,256,0.3,0.995,0.01,0.95,1109929.8522261595
0.0005,10,64,256,256,0.3,0.995,0.01,0.99,1065519.602886829
0.0005,10,64,256,1024,0.1,0.95,0.0,0.95,1108487.0641168398
0.0005,10,64,256,1024,0.1,0.95,0.0,0.99,1093015.09450879
0.0005,10,64,256,1024,0.1,0.95,0.01,0.95,1065422.9181772994
0.0005,10,64,256,1024,0.1,0.95,0.01,0.99,958059.9076216313
0.0005,10,64,256,1024,0.1,0.995,0.0,0.95,1071138.2437749794
0.0005,10,64,256,1024,0.1,0.995,0.0,0.99,1090089.4768748502
0.0005,10,64,256,1024,0.1,0.995,0.01,0.95,1096580.3348330383
0.0005,10,64,256,1024,0.1,0.995,0.01,0.99,1181587.3321468898
0.0005,10,64,256,1024,0.3,0.95,0.0,0.95,1053355.9675788702
0.0005,10,64,256,1024,0.3,0.95,0.0,0.99,1156179.8260272203
0.0005,10,64,256,1024,0.3,0.95,0.01,0.95,1088684.077776719
0.0005,10,64,256,1024,0.3,0.95,0.01,0.99,1060171.5658766204
0.0005,10,64,256,1024,0.3,0.995,0.0,0.95,1072421.7638715398
0.0005,10,64,256,1024,0.3,0.995,0.0,0.99,1061500.9168551099
0.0005,10,64,256,1024,0.3,0.995,0.01,0.95,1134746.7062121998
0.0005,10,64,256,1024,0.3,0.995,0.01,0.99,990739.3956344802
0.0005,10,64,1024,256,0.1,0.95,0.0,0.95,1032154.3606381402
0.0005,10,64,1024,256,0.1,0.95,0.0,0.99,1004260.2794266003
0.0005,10,64,1024,256,0.1,0.95,0.01,0.95,1089253.442970611
0.0005,10,64,1024,256,0.1,0.95,0.01,0.99,1083578.8619138685
0.0005,10,64,1024,256,0.1,0.995,0.0,0.95,1083108.7241932496
0.0005,10,64,1024,256,0.1,0.995,0.0,0.99,1060074.74881071
0.0005,10,64,1024,256,0.1,0.995,0.01,0.95,1044950.6248907296
0.0005,10,64,1024,256,0.1,0.995,0.01,0.99,1032488.3918030104
0.0005,10,64,1024,256,0.3,0.95,0.0,0.95,1073802.55344141
0.0005,10,64,1024,256,0.3,0.95,0.0,0.99,1023841.7183522205
0.0005,10,64,1024,256,0.3,0.95,0.01,0.95,1095806.746524679
0.0005,10,64,1024,256,0.3,0.95,0.01,0.99,1148285.0223594194
0.0005,10,64,1024,256,0.3,0.995,0.0,0.95,1065656.94464623
0.0005,10,64,1024,256,0.3,0.995,0.0,0.99,1087149.2259239196
0.0005,10,64,1024,256,0.3,0.995,0.01,0.95,1119613.7580524397
0.0005,10,64,1024,256,0.3,0.995,0.01,0.99,1037817.6632985695
0.0005,10,64,1024,1024,0.1,0.95,0.0,0.95,1088645.2290544
0.0005,10,64,1024,1024,0.1,0.95,0.0,0.99,1046075.4653509399
0.0005,10,64,1024,1024,0.1,0.95,0.01,0.95,1169941.3835422404
0.0005,10,64,1024,1024,0.1,0.95,0.01,0.99,1100234.0762922391
0.0005,10,64,1024,1024,0.1,0.995,0.0,0.95,1057192.1796248201
0.0005,10,64,1024,1024,0.1,0.995,0.0,0.99,1040934.4325688988
0.0005,10,64,1024,1024,0.1,0.995,0.01,0.95,1220188.6462916373
0.0005,10,64,1024,1024,0.1,0.995,0.01,0.99,1050128.0875154105
0.0005,10,64,1024,1024,0.3,0.95,0.0,0.95,1137513.3556439192
0.0005,10,64,1024,1024,0.3,0.95,0.0,0.99,1094738.1384866002
0.0005,10,64,1024,1024,0.3,0.95,0.01,0.95,1038407.8028108883
0.0005,10,64,1024,1024,0.3,0.95,0.01,0.99,953211.8303955789
0.0005,10,64,1024,1024,0.3,0.995,0.0,0.95,1074516.4782897688
0.0005,10,64,1024,1024,0.3,0.995,0.0,0.99,1101405.7811413503
0.0005,10,64,1024,1024,0.3,0.995,0.01,0.95,1154997.596946859
0.0005,10,64,1024,1024,0.3,0.995,0.01,0.99,1116451.8424789612
0.0005,10,256,256,256,0.1,0.95,0.0,0.95,1114629.4428805597
0.0005,10,256,256,256,0.1,0.95,0.0,0.99,1084382.2054885393
0.0005,10,256,256,256,0.1,0.95,0.01,0.95,1140462.7124665498
0.0005,10,256,256,256,0.1,0.95,0.01,0.99,1045098.4102239806
0.0005,10,256,256,256,0.1,0.995,0.0,0.95,1079908.697296339
0.0005,10,256,256,256,0.1,0.995,0.0,0.99,1123448.51890781
0.0005,10,256,256,256,0.1,0.995,0.01,0.95,1130989.0771295899
0.0005,10,256,256,256,0.1,0.995,0.01,0.99,1075916.7980861901
0.0005,10,256,256,256,0.3,0.95,0.0,0.95,1099533.9697739205
0.0005,10,256,256,256,0.3,0.95,0.0,0.99,1025393.51781506
0.0005,10,256,256,256,0.3,0.95,0.01,0.95,1078931.6946435214
0.0005,10,256,256,256,0.3,0.95,0.01,0.99,1102256.1683195594
0.0005,10,256,256,256,0.3,0.995,0.0,0.95,1077539.82316327
0.0005,10,256,256,256,0.3,0.995,0.0,0.99,1082754.8333562093
0.0005,10,256,256,256,0.3,0.995,0.01,0.95,1039834.84067732
0.0005,10,256,256,256,0.3,0.995,0.01,0.99,1073812.7818285106
0.0005,10,256,256,1024,0.1,0.95,0.0,0.95,1016229.5548048001
0.0005,10,256,256,1024,0.1,0.95,0.0,0.99,1021013.7864163007
0.0005,10,256,256,1024,0.1,0.95,0.01,0.95,1094385.5686556592
0.0005,10,256,256,1024,0.1,0.95,0.01,0.99,1041631.3795151401
0.0005,10,256,256,1024,0.1,0.995,0.0,0.95,1126241.5445046904
0.0005,10,256,256,1024,0.1,0.995,0.0,0.99,1123035.3186979205
0.0005,10,256,256,1024,0.1,0.995,0.01,0.95,1113384.6262886713
0.0005,10,256,256,1024,0.1,0.995,0.01,0.99,1149310.2351333287
0.0005,10,256,256,1024,0.3,0.95,0.0,0.95,1042943.3025428995
0.0005,10,256,256,1024,0.3,0.95,0.0,0.99,1085033.9949383698
0.0005,10,256,256,1024,0.3,0.95,0.01,0.95,1054450.0183375706
0.0005,10,256,256,1024,0.3,0.95,0.01,0.99,1099023.6088450495
0.0005,10,256,256,1024,0.3,0.995,0.0,0.95,1089372.152510369
0.0005,10,256,256,1024,0.3,0.995,0.0,0.99,1068982.6004243195
0.0005,10,256,256,1024,0.3,0.995,0.01,0.95,924342.9061428498
0.0005,10,256,256,1024,0.3,0.995,0.01,0.99,1133679.693710941
0.0005,10,256,1024,256,0.1,0.95,0.0,0.95,1076141.2583851605
0.0005,10,256,1024,256,0.1,0.95,0.0,0.99,1177233.3970778899
0.0005,10,256,1024,256,0.1,0.95,0.01,0.95,1158790.8026910292
0.0005,10,256,1024,256,0.1,0.95,0.01,0.99,1086775.9862472678
0.0005,10,256,1024,256,0.1,0.995,0.0,0.95,1063380.13678686
0.0005,10,256,1024,256,0.1,0.995,0.0,0.99,1027148.6282033902
0.0005,10,256,1024,256,0.1,0.995,0.01,0.95,1092215.8818158084
0.0005,10,256,1024,256,0.1,0.995,0.01,0.99,1024584.9962945402
0.0005,10,256,1024,256,0.3,0.95,0.0,0.95,1121656.2310225202
0.0005,10,256,1024,256,0.3,0.95,0.0,0.99,1042706.7762155996
0.0005,10,256,1024,256,0.3,0.95,0.01,0.95,988729.0839401407
0.0005,10,256,1024,256,0.3,0.95,0.01,0.99,950409.3342294309
0.0005,10,256,1024,256,0.3,0.995,0.0,0.95,1004601.37535075
0.0005,10,256,1024,256,0.3,0.995,0.0,0.99,1116019.5245681505
0.0005,10,256,1024,256,0.3,0.995,0.01,0.95,1033130.12250546
0.0005,10,256,1024,256,0.3,0.995,0.01,0.99,1054505.9726350796
0.0005,10,256,1024,1024,0.1,0.95,0.0,0.95,1008703.6065043495
0.0005,10,256,1024,1024,0.1,0.95,0.0,0.99,1027219.9219340393
0.0005,10,256,1024,1024,0.1,0.95,0.01,0.95,1153252.87392473
0.0005,10,256,1024,1024,0.1,0.95,0.01,0.99,959804.2435025591
0.0005,10,256,1024,1024,0.1,0.995,0.0,0.95,993936.1399565698
0.0005,10,256,1024,1024,0.1,0.995,0.0,0.99,1053879.34361272
0.0005,10,256,1024,1024,0.1,0.995,0.01,0.95,1025486.4905118092
0.0005,10,256,1024,1024,0.1,0.995,0.01,0.99,986889.8799495706
0.0005,10,256,1024,1024,0.3,0.95,0.0,0.95,1093545.2879999299
0.0005,10,256,1024,1024,0.3,0.95,0.0,0.99,1073104.4841539394
0.0005,10,256,1024,1024,0.3,0.95,0.01,0.95,1120326.3709965271
0.0005,10,256,1024,1024,0.3,0.95,0.01,0.99,990498.3308286001
0.0005,10,256,1024,1024,0.3,0.995,0.0,0.95,1131834.5309450296
0.0005,10,256,1024,1024,0.3,0.995,0.0,0.99,1019812.3129270199
0.0005,10,256,1024,1024,0.3,0.995,0.01,0.95,959712.0264106002
0.0005,10,256,1024,1024,0.3,0.995,0.01,0.99,1173632.5017166398
0.0005,30,64,256,256,0.1,0.95,0.0,0.95,1128892.3637312097
0.0005,30,64,256,256,0.1,0.95,0.0,0.99,1039976.5261268099
0.0005,30,64,256,256,0.1,0.95,0.01,0.95,1104012.6401498602
0.0005,30,64,256,256,0.1,0.95,0.01,0.99,1130215.482796091
0.0005,30,64,256,256,0.1,0.995,0.0,0.95,1089354.9527295907
0.0005,30,64,256,256,0.1,0.995,0.0,0.99,1007115.4284189803
0.0005,30,64,256,256,0.1,0.995,0.01,0.95,1023868.2647955682
0.0005,30,64,256,256,0.1,0.995,0.01,0.99,1078540.82191176
0.0005,30,64,256,256,0.3,0.95,0.0,0.95,1053123.6626165602
0.0005,30,64,256,256,0.3,0.95,0.0,0.99,1070220.8377982702
0.0005,30,64,256,256,0.3,0.95,0.01,0.95,1128604.0897415797
0.0005,30,64,256,256,0.3,0.95,0.01,0.99,1037781.8261728294
0.0005,30,64,256,256,0.3,0.995,0.0,0.95,1054660.1876623796
0.0005,30,64,256,256,0.3,0.995,0.0,0.99,1101608.3007731407
0.0005,30,64,256,256,0.3,0.995,0.01,0.95,1055179.3821919307
0.0005,30,64,256,256,0.3,0.995,0.01,0.99,1018170.4280343294
0.0005,30,64,256,1024,0.1,0.95,0.0,0.95,1132430.2808145396
0.0005,30,64,256,1024,0.1,0.95,0.0,0.99,1118011.8225727396
0.0005,30,64,256,1024,0.1,0.95,0.01,0.95,1146996.0289652494
0.0005,30,64,256,1024,0.1,0.95,0.01,0.99,1089314.2502759497
0.0005,30,64,256,1024,0.1,0.995,0.0,0.95,1081342.7701493595
0.0005,30,64,256,1024,0.1,0.995,0.0,0.99,1072450.8657576893
0.0005,30,64,256,1024,0.1,0.995,0.01,0.95,1040255.8089782103
0.0005,30,64,256,1024,0.1,0.995,0.01,0.99,1098273.3915031103
0.0005,30,64,256,1024,0.3,0.95,0.0,0.95,1036168.5917781
0.0005,30,64,256,1024,0.3,0.95,0.0,0.99,1116048.83915955
0.0005,30,64,256,1024,0.3,0.95,0.01,0.95,1089077.5568459998
0.0005,30,64,256,1024,0.3,0.95,0.01,0.99,974058.5497671904
0.0005,30,64,256,1024,0.3,0.995,0.0,0.95,1000242.518358971
0.0005,30,64,256,1024,0.3,0.995,0.0,0.99,1093687.2316909798
0.0005,30,64,256,1024,0.3,0.995,0.01,0.95,1073571.4505185005
0.0005,30,64,256,1024,0.3,0.995,0.01,0.99,1045546.5922772697
0.0005,30,64,1024,256,0.1,0.95,0.0,0.95,1086295.1600671103
0.0005,30,64,1024,256,0.1,0.95,0.0,0.99,1118268.27036848
0.0005,30,64,1024,256,0.1,0.95,0.01,0.95,1175776.6747703103
0.0005,30,64,1024,256,0.1,0.95,0.01,0.99,1034394.8533758305
0.0005,30,64,1024,256,0.1,0.995,0.0,0.95,1072299.6134479402
0.0005,30,64,1024,256,0.1,0.995,0.0,0.99,1032492.1054398203
0.0005,30,64,1024,256,0.1,0.995,0.01,0.95,1070064.6312004705
0.0005,30,64,1024,256,0.1,0.995,0.01,0.99,1151726.60246777
0.0005,30,64,1024,256,0.3,0.95,0.0,0.95,1077234.9595159104
0.0005,30,64,1024,256,0.3,0.95,0.0,0.99,998460.4370797686
0.0005,30,64,1024,256,0.3,0.95,0.01,0.95,946654.0591362589
0.0005,30,64,1024,256,0.3,0.95,0.01,0.99,1063799.8275183304
0.0005,30,64,1024,256,0.3,0.995,0.0,0.95,1057647.1512579701
0.0005,30,64,1024,256,0.3,0.995,0.0,0.99,1138805.4131000706
0.0005,30,64,1024,256,0.3,0.995,0.01,0.95,1057034.0712796403
0.0005,30,64,1024,256,0.3,0.995,0.01,0.99,985059.085063419
0.0005,30,64,1024,1024,0.1,0.95,0.0,0.95,1089432.9350943794
0.0005,30,64,1024,1024,0.1,0.95,0.0,0.99,1114669.2153115203
0.0005,30,64,1024,1024,0.1,0.95,0.01,0.95,965113.6005512698
0.0005,30,64,1024,1024,0.1,0.95,0.01,0.99,1045573.1336941384
0.0005,30,64,1024,1024,0.1,0.995,0.0,0.95,1037898.9317074188
0.0005,30,64,1024,1024,0.1,0.995,0.0,0.99,1062137.3927410587
0.0005,30,64,1024,1024,0.1,0.995,0.01,0.95,1141342.478789311
0.0005,30,64,1024,1024,0.1,0.995,0.01,0.99,1065212.6763883296
0.0005,30,64,1024,1024,0.3,0.95,0.0,0.95,1035692.1947693195
0.0005,30,64,1024,1024,0.3,0.95,0.0,0.99,1228795.06574135
0.0005,30,64,1024,1024,0.3,0.95,0.01,0.95,1129149.631031081
0.0005,30,64,1024,1024,0.3,0.95,0.01,0.99,927976.4473735408
0.0005,30,64,1024,1024,0.3,0.995,0.0,0.95,1094280.7101825795
0.0005,30,64,1024,1024,0.3,0.995,0.0,0.99,1017911.8021683601
0.0005,30,64,1024,1024,0.3,0.995,0.01,0.95,1027324.8560125495
0.0005,30,64,1024,1024,0.3,0.995,0.01,0.99,1035545.3089006204
0.0005,30,256,256,256,0.1,0.95,0.0,0.95,1104548.9218460699
0.0005,30,256,256,256,0.1,0.95,0.0,0.99,1051357.7270342696
0.0005,30,256,256,256,0.1,0.95,0.01,0.95,1032916.0552026596
0.0005,30,256,256,256,0.1,0.95,0.01,0.99,1004275.3803389906
0.0005,30,256,256,256,0.1,0.995,0.0,0.95,1041989.0112195404
0.0005,30,256,256,256,0.1,0.995,0.0,0.99,1112764.5427376395
0.0005,30,256,256,256,0.1,0.995,0.01,0.95,1150245.4821842592
0.0005,30,256,256,256,0.1,0.995,0.01,0.99,981616.21696712
0.0005,30,256,256,256,0.3,0.95,0.0,0.95,1054064.05642793
0.0005,30,256,256,256,0.3,0.95,0.0,0.99,1134647.5741522203
0.0005,30,256,256,256,0.3,0.95,0.01,0.95,1130654.5714052974
0.0005,30,256,256,256,0.3,0.95,0.01,0.99,1108846.3777180887
0.0005,30,256,256,256,0.3,0.995,0.0,0.95,1098790.2564394702
0.0005,30,256,256,256,0.3,0.995,0.0,0.99,1033765.8715120703
0.0005,30,256,256,256,0.3,0.995,0.01,0.95,1075259.2395331785
0.0005,30,256,256,256,0.3,0.995,0.01,0.99,1195649.3653052293
0.0005,30,256,256,1024,0.1,0.95,0.0,0.95,1040937.4493151408
0.0005,30,256,256,1024,0.1,0.95,0.0,0.99,1041704.1654307402
0.0005,30,256,256,1024,0.1,0.95,0.01,0.95,1152448.9627160507
0.0005,30,256,256,1024,0.1,0.95,0.01,0.99,1143604.9571268
0.0005,30,256,256,1024,0.1,0.995,0.0,0.95,1070448.5595116098
0.0005,30,256,256,1024,0.1,0.995,0.0,0.99,1046375.1572596404
0.0005,30,256,256,1024,0.1,0.995,0.01,0.95,1204111.0906839396
0.0005,30,256,256,1024,0.1,0.995,0.01,0.99,1065905.2934001095
0.0005,30,256,256,1024,0.3,0.95,0.0,0.95,1095307.1367542404
0.0005,30,256,256,1024,0.3,0.95,0.0,0.99,1054020.3829351
0.0005,30,256,256,1024,0.3,0.95,0.01,0.95,1016179.5969456277
0.0005,30,256,256,1024,0.3,0.95,0.01,0.99,1169870.8238691816
0.0005,30,256,256,1024,0.3,0.995,0.0,0.95,1025269.7688227904
0.0005,30,256,256,1024,0.3,0.995,0.0,0.99,1056685.6036909593
0.0005,30,256,256,1024,0.3,0.995,0.01,0.95,1070468.3670132412
0.0005,30,256,256,1024,0.3,0.995,0.01,0.99,1201199.3345117406
0.0005,30,256,1024,256,0.1,0.95,0.0,0.95,1066716.402688699
0.0005,30,256,1024,256,0.1,0.95,0.0,0.99,1082135.0330047905
0.0005,30,256,1024,256,0.1,0.95,0.01,0.95,1006189.9610981195
0.0005,30,256,1024,256,0.1,0.95,0.01,0.99,1163123.9841423794
0.0005,30,256,1024,256,0.1,0.995,0.0,0.95,1158351.0100617104
0.0005,30,256,1024,256,0.1,0.995,0.0,0.99,1065251.2083965696
0.0005,30,256,1024,256,0.1,0.995,0.01,0.95,1014290.5441550204
0.0005,30,256,1024,256,0.1,0.995,0.01,0.99,1115405.4689102394
0.0005,30,256,1024,256,0.3,0.95,0.0,0.95,1013368.9328408603
0.0005,30,256,1024,256,0.3,0.95,0.0,0.99,1106922.9218716207
0.0005,30,256,1024,256,0.3,0.95,0.01,0.95,1060572.4221992414
0.0005,30,256,1024,256,0.3,0.95,0.01,0.99,1043082.6885919209
0.0005,30,256,1024,256,0.3,0.995,0.0,0.95,1093536.9064757803
0.0005,30,256,1024,256,0.3,0.995,0.0,0.99,1030208.3331183502
0.0005,30,256,1024,256,0.3,0.995,0.01,0.95,1203489.135801741
0.0005,30,256,1024,256,0.3,0.995,0.01,0.99,1084698.8752160114
0.0005,30,256,1024,1024,0.1,0.95,0.0,0.95,1020874.3724560998
0.0005,30,256,1024,1024,0.1,0.95,0.0,0.99,993657.1700497397
0.0005,30,256,1024,1024,0.1,0.95,0.01,0.95,1199088.7528767393
0.0005,30,256,1024,1024,0.1,0.95,0.01,0.99,1072685.132241681
0.0005,30,256,1024,1024,0.1,0.995,0.0,0.95,1066917.6867434396
0.0005,30,256,1024,1024,0.1,0.995,0.0,0.99,1047396.8062802402
0.0005,30,256,1024,1024,0.1,0.995,0.01,0.95,1016289.4245649679
0.0005,30,256,1024,1024,0.1,0.995,0.01,0.99,1091308.5750346708
0.0005,30,256,1024,1024,0.3,0.95,0.0,0.95,1059246.5353062807
0.0005,30,256,1024,1024,0.3,0.95,0.0,0.99,1034305.4883493198
0.0005,30,256,1024,1024,0.3,0.95,0.01,0.95,1178524.5188306
0.0005,30,256,1024,1024,0.3,0.95,0.01,0.99,947459.5083489788
0.0005,30,256,1024,1024,0.3,0.995,0.0,0.95,1056824.84155754
0.0005,30,256,1024,1024,0.3,0.995,0.0,0.99,1074898.29769143
0.0005,30,256,1024,1024,0.3,0.995,0.01,0.95,1020407.5538048005
0.0005,30,256,1024,1024,0.3,0.995,0.01,0.99,1120513.0661633585
